<?xml version="1.0" encoding="UTF-8"?>
<project-private xmlns="http://www.netbeans.org/ns/project-private/1">
    <editor-bookmarks xmlns="http://www.netbeans.org/ns/editor-bookmarks/2" lastBookmarkId="0"/>
    <open-files xmlns="http://www.netbeans.org/ns/projectui-open-files/2">
        <group>
            <file>file:/Users/Ben/Documents/ICS4U%20Final%20Project/finalProject/src/finalproject/Main.java</file>
            <file>file:/Users/Ben/Documents/ICS4U%20Final%20Project/finalProject/src/finalproject/Screen.java</file>
            <file>file:/Users/Ben/Documents/ICS4U%20Final%20Project/finalProject/src/finalproject/Player.java</file>
        </group>
    </open-files>
</project-private>
